{
    "Ar36": {
        "error": 0.0002542564914362696, 
        "filter_outliers_dict": {
            "filter_outliers": true, 
            "iterations": 2, 
            "std_devs": 2
        }, 
        "fit": "Parabolic", 
        "value": 0.002773164809107424
    }, 
    "Ar37": {
        "error": 0.02209529610070386, 
        "filter_outliers_dict": {
            "filter_outliers": true, 
            "iterations": 2, 
            "std_devs": 2
        }, 
        "fit": "linear", 
        "value": -0.08936833922726757
    }, 
    "Ar38AX": {
        "error": 0.038230506715461035, 
        "filter_outliers_dict": {
            "filter_outliers": true, 
            "iterations": 2, 
            "std_devs": 2
        }, 
        "fit": "linear", 
        "value": -0.05060596560465944
    }, 
    "Ar38AX(CDD)": {
        "error": 0.0004908038391135984, 
        "filter_outliers_dict": {
            "filter_outliers": true, 
            "iterations": 2, 
            "std_devs": 2
        }, 
        "fit": "linear", 
        "value": 0.001452767344957441
    }, 
    "Ar39": {
        "error": 0.038240583723626896, 
        "filter_outliers_dict": {
            "filter_outliers": true, 
            "iterations": 2, 
            "std_devs": 2
        }, 
        "fit": "Parabolic", 
        "value": -0.0007928757062586389
    }, 
    "Ar40": {
        "error": 0.03534481205228959, 
        "filter_outliers_dict": {
            "filter_outliers": true, 
            "iterations": 2, 
            "std_devs": 2
        }, 
        "fit": "Parabolic", 
        "value": 0.3054110761413752
    }
}