{
    "Ar36": {
        "error": 0.006995888127625648, 
        "filter_outliers_dict": {
            "filter_outliers": true, 
            "iterations": 2, 
            "std_devs": 2
        }, 
        "fit": "Parabolic", 
        "value": 2.0687752580575314
    }, 
    "Ar37": {
        "error": 0.020733990463849685, 
        "filter_outliers_dict": {
            "filter_outliers": true, 
            "iterations": 2, 
            "std_devs": 2
        }, 
        "fit": "linear", 
        "value": -0.11505947729786169
    }, 
    "Ar38AX": {
        "error": 0.031062262285338, 
        "filter_outliers_dict": {
            "filter_outliers": true, 
            "iterations": 2, 
            "std_devs": 2
        }, 
        "fit": "linear", 
        "value": 0.3182764443833411
    }, 
    "Ar38AX(CDD)": {
        "error": 0.007363395098799744, 
        "filter_outliers_dict": {
            "filter_outliers": true, 
            "iterations": 2, 
            "std_devs": 2
        }, 
        "fit": "linear", 
        "value": 0.42227441118832937
    }, 
    "Ar39": {
        "error": 0.042588922080321105, 
        "filter_outliers_dict": {
            "filter_outliers": true, 
            "iterations": 2, 
            "std_devs": 2
        }, 
        "fit": "Parabolic", 
        "value": -0.004366443434174725
    }, 
    "Ar40": {
        "error": 0.14056346600383857, 
        "filter_outliers_dict": {
            "filter_outliers": true, 
            "iterations": 2, 
            "std_devs": 2
        }, 
        "fit": "Parabolic", 
        "value": 664.2011835906013
    }
}